{"stat.mineBlock.opencomputers.screen1":2,"stat.useItem.clickmachine.auto_clicker":7,"stat.pickup.minecraft.wooden_slab":1,"stat.pickup.cttinycoal.tiny_coal":112,"stat.craftItem.thermalfoundation.wrench":1,"stat.leaveGame":13,"stat.pickup.contenttweaker.corruptpsd":1,"stat.drop.minecraft.redstone":15,"stat.craftItem.minecraft.string":31,"stat.drop.exnihilocreatio.item_pebble":4,"stat.pickup.opencomputers.storage":5,"stat.craftItem.enderio.item_liquid_conduit":8,"stat.pickup.arcadialbonsaitrees.bonsai_darkoak_sapling":7,"stat.pickup.exnihilocreatio.block_dust":116,"stat.pickup.minecraft.rotten_flesh":1,"stat.pickup.minecraft.brick_block":7,"stat.pickup.uppers.upper":3,"stat.useItem.galacticraftplanets.desh_pick":6,"stat.drop.minecraft.sand":69,"stat.pickup.exnihilocreatio.item_ore_copper":1,"stat.pickup.cropdusting.fertile_dirt":1,"stat.useItem.minecraft.iron_pickaxe":176,"stat.craftItem.minecraft.wooden_pickaxe":5,"stat.mineBlock.minecraft.brick_block":7,"stat.craftItem.clickmachine.auto_clicker":1,"stat.craftItem.minecraft.glass_pane":48,"stat.mineBlock.minecraft.hopper":10,"stat.pickup.contenttweaker.poopfuel":20,"stat.mineBlock.chisel.marble2":3,"stat.pickup.thermalfoundation.material":65,"stat.useItem.immersiveengineering.sheetmetal_slab":7,"stat.drop.minecraft.gravel":2,"stat.furnaceInteraction":277,"stat.useItem.minecraft.pumpkin_seeds":3,"stat.mineBlock.immersiveengineering.wooden_device0":1,"stat.pickup.minecraft.beef":1,"stat.pickup.nuclearcraft.rock_crusher_idle":1,"stat.craftItem.minecraft.gunpowder":21,"stat.craftItem.refinedstorage.cable":12,"stat.mineBlock.thermalexpansion.dynamo":1,"stat.useItem.minecraft.flint_and_steel":10,"stat.useItem.minecraft.wheat_seeds":11,"stat.craftItem.minecraft.dropper":2,"stat.drop.exnihilocreatio.item_seed_jungle":1,"stat.pickup.opencomputers.screen1":2,"stat.pickup.minecraft.emerald":2,"stat.craftItem.modularmachinery.itemmodularium":101,"stat.craftItem.capabilityproxy.capability_proxy":1,"stat.pickup.minecraft.lever":4,"stat.craftItem.nuclearcraft.hoe_boron":2,"stat.deaths":15,"stat.useItem.galacticraftcore.steel_pickaxe":2,"stat.craftItem.minecraft.wooden_shovel":4,"stat.pickup.contenttweaker.glitched0":2,"stat.pickup.compactmachines3.machine":7,"stat.pickup.enderio.item_liquid_conduit":10,"stat.craftItem.galacticraftcore.steel_pickaxe":3,"stat.craftItem.minecraft.iron_pickaxe":12,"stat.craftItem.craftingstation.crafting_station":3,"stat.craftItem.immersiveengineering.metal":410,"stat.craftItem.minecraft.repeater":4,"stat.pickup.chisel.marble2":6,"stat.fishCaught":9,"stat.mineBlock.minecraft.tallgrass":138,"stat.mineBlock.thermalexpansion.machine":11,"stat.pickup.modularmachinery.blockcasing":1,"stat.chestOpened":678,"stat.useItem.exnihilocreatio.block_granite_crushed":38,"stat.craftItem.modularmachinery.blockenergyinputhatch":1,"stat.drop.contenttweaker.dirtdust":1,"stat.pickup.thermalfoundation.wrench":1,"stat.craftItem.minecraft.sign":9,"stat.pickup.immersiveengineering.material":72,"stat.craftItem.modularmachinery.blockcasing":22,"stat.useItem.refinedstorage.cable":2,"stat.pickup.contenttweaker.dirtdust":145,"stat.useItem.minecraft.stone":103,"stat.pickup.minecraft.arrow":3,"stat.pickup.projectred-integration.gate":2,"stat.craftItem.minecraft.quartz_block":48,"stat.craftItem.minecraft.coal":37,"stat.drop.minecraft.iron_pickaxe":5,"stat.drop.contenttweaker.corruptpsd":1,"stat.pickup.chisel.basalt2":1,"stat.pickup.minecraft.carrot":2,"stat.crouchOneCm":608875,"stat.pickup.arcadialbonsaitrees.bonsai_acacia_sapling":9,"stat.mineBlock.minecraft.chest":3,"stat.craftItem.minecraft.iron_ingot":169,"stat.pickup.craftingstation.crafting_station":10,"stat.craftItem.minecraft.hopper":18,"stat.craftingTableInteraction":343,"stat.pickup.exnihilocreatio.block_diorite_crushed":29,"stat.craftItem.contenttweaker.poopfuel":3,"stat.useItem.minecraft.reeds":1,"stat.pickup.minecraft.dye":28,"stat.pickup.exnihilocreatio.item_ore_gold":8,"stat.pickup.minecraft.planks":43,"stat.pickup.minecraft.wheat_seeds":99,"stat.pickup.enderio.item_material":2,"stat.craftItem.nuclearcraft.shovel_boron":2,"stat.mineBlock.opencomputers.diskdrive":2,"stat.mineBlock.minecraft.dirt":389,"stat.drop.compactmachines3.wallbreakable":52,"stat.craftItem.opencomputers.material":144,"stat.pickup.exnihilocreatio.item_mesh":5,"stat.craftItem.immersiveengineering.sheetmetal":4,"stat.pickup.immersiveengineering.seed":25,"stat.useItem.minecraft.bread":11,"stat.pickup.exnihilocreatio.item_seed_darkoak":5,"stat.pickup.contenttweaker.graveldust":41,"stat.useItem.minecraft.cobblestone":140,"stat.useItem.minecraft.gravel":77,"stat.pickup.opencomputers.card":2,"stat.mineBlock.minecraft.double_plant":10,"stat.craftItem.refinedstorage.cutting_tool":5,"stat.useItem.thermalfoundation.glass":6,"stat.craftItem.exnihilocreatio.block_sieve":1,"stat.pickup.minecraft.iron_pickaxe":2,"stat.craftItem.minecraft.gold_ingot":3,"stat.pickup.minecraft.hopper":8,"stat.drop.minecraft.sapling":5,"stat.craftItem.chisel.chisel_iron":1,"stat.pickup.minecraft.apple":9,"stat.craftItem.immersiveengineering.tool":5,"stat.pickup.integrateddynamics.squeezer":4,"stat.craftItem.minecraft.bucket":15,"stat.pickup.opencomputers.keyboard":2,"stat.pickup.refinedstorage.storage_disk":14,"stat.craftItem.minecraft.planks":534,"stat.mineBlock.contenttweaker.glitched0":1,"stat.craftItem.refinedstorage.storage_disk":7,"stat.craftItem.minecraft.dirt":6,"stat.craftItem.minecraft.fishing_rod":1,"stat.mineBlock.minecraft.log":36,"stat.craftItem.opencomputers.card":2,"stat.useItem.galacticraftcore.fluid_tank":5,"stat.craftItem.opencomputers.case1":2,"stat.craftItem.minecraft.paper":9,"stat.mineBlock.modularmachinery.blockcontroller":3,"stat.craftItem.thermalexpansion.frame":2,"stat.pickup.minecraft.red_flower":20,"stat.craftItem.contenttweaker.modulariumblend":58,"stat.pickup.exnihilocreatio.item_seed_acacia":4,"stat.pickup.exnihilocreatio.block_sieve":7,"stat.pickup.nuclearcraft.isotope_separator_idle":1,"stat.craftItem.minecraft.cobblestone":110,"stat.pickup.arcadialbonsaitrees.bonsai_oak_sapling":51,"stat.craftItem.minecraft.trapped_chest":9,"stat.mineBlock.cropdusting.fertile_dirt":2,"stat.drop.cropdusting.poop":16,"stat.pickup.modularmachinery.blockoutputbus":3,"stat.useItem.minecraft.iron_axe":96,"stat.mineBlock.minecraft.cobblestone":115,"stat.mineBlock.minecraft.pumpkin":6,"stat.pickup.minecraft.flint":17,"stat.pickup.opencomputers.component":5,"stat.craftItem.nuclearcraft.spaxelhoe_boron":2,"stat.drop.thermalfoundation.material":3,"stat.craftItem.modularmachinery.blockinputbus":2,"stat.useItem.cropdusting.poop":20,"stat.craftItem.minecraft.clock":2,"stat.drop.minecraft.cobblestone":11,"stat.pickup.galacticraftplanets.desh_pick":1,"stat.useItem.minecraft.obsidian":116,"stat.pickup.refinedstorage.grid":3,"stat.useItem.minecraft.stone_slab2":379,"stat.mineBlock.modularmachinery.blockenergyinputhatch":3,"stat.craftItem.minecraft.furnace":9,"stat.pickup.thermalfoundation.ore":10,"stat.pickup.arcadialbonsaitrees.bonsai_oak_cutting":392,"stat.pickup.opencomputers.diskdrive":2,"stat.useItem.minecraft.brick_block":4,"stat.flyOneCm":292227,"stat.pickup.minecraft.fish":9,"stat.pickup.modularmachinery.blockenergyinputhatch":3,"stat.useItem.thermaldynamics.duct_32":5,"stat.timeSinceDeath":310168,"stat.craftItem.immersiveengineering.treated_wood":56,"stat.craftItem.minecraft.iron_block":19,"stat.pickup.thermalexpansion.dynamo":1,"stat.craftItem.minecraft.stonebrick":14,"stat.craftItem.opencomputers.keyboard":2,"stat.pickup.minecraft.nether_wart":1,"stat.pickup.thermaldynamics.duct_0":24,"stat.craftItem.compactmachines3.machine":8,"stat.mineBlock.minecraft.coal_ore":40,"stat.pickup.exnihilocreatio.item_seed_oak":4,"stat.craftItem.refinedstorage.quartz_enriched_iron":64,"stat.drop.minecraft.obsidian":1,"stat.pickup.thermaldynamics.duct_32":4,"stat.sprintOneCm":175833,"stat.mineBlock.minecraft.stone_slab":8,"stat.pickup.immersiveengineering.tool":1,"stat.craftItem.opencomputers.storage":10,"stat.useItem.carryon.tile_item":104,"stat.mineBlock.uppers.upper":5,"stat.drop.modularmachinery.itemmodularium":14,"stat.craftItem.immersiveengineering.sheetmetal_slab":12,"stat.mineBlock.minecraft.diamond_ore":20,"stat.mineBlock.exnihilocreatio.block_granite_crushed":39,"stat.pickup.exnihilocreatio.block_crucible_wood":2,"stat.craftItem.exnihilocreatio.hammer_wood":1,"stat.drop.minecraft.lava_bucket":1,"stat.craftItem.refinedstorage.storage_housing":2,"stat.craftItem.immersiveengineering.wirecoil":22,"stat.craftItem.opencomputers.upgrade":2,"stat.pickup.minecraft.iron_block":17,"stat.killEntity.Zombie":7,"stat.craftItem.minecraft.dye":3,"stat.pickup.modularmachinery.blockfluidinputhatch":1,"stat.drop.exnihilocreatio.item_ore_gold":7,"stat.useItem.thermalfoundation.tool.pickaxe_steel":1,"stat.diveOneCm":28315,"stat.pickup.minecraft.wheat":14,"stat.mineBlock.immersiveengineering.metal_device0":2,"stat.mineBlock.immersiveengineering.metal_device1":19,"stat.pickup.minecraft.sign":1,"stat.mineBlock.clickmachine.auto_clicker":20,"stat.pickup.minecraft.obsidian":1,"stat.craftItem.thermalexpansion.machine":3,"stat.mineBlock.exnihilocreatio.block_crucible_wood":2,"stat.jump":3261,"stat.useItem.minecraft.sand":77,"stat.pickup.minecraft.coal":40,"stat.pickup.minecraft.iron_ingot":498,"stat.pickup.thermalfoundation.tome_experience":1,"stat.useItem.exnihilocreatio.item_seed_carrot":1,"stat.craftItem.minecraft.lever":2,"stat.drop.compactmachines3.machine":1,"stat.craftItem.refinedstorage.grid":2,"stat.pickup.minecraft.gunpowder":1,"stat.pickup.minecraft.dirt":427,"stat.craftItem.modularmachinery.blockcontroller":2,"stat.useItem.minecraft.sapling":4,"stat.craftItem.refinedstorage.importer":2,"stat.pickup.exnihilocreatio.item_seed_spruce":3,"stat.mineBlock.minecraft.glass_pane":2,"stat.mineBlock.thermaldynamics.duct_32":6,"stat.damageTaken":9106,"stat.mineBlock.minecraft.red_flower":20,"stat.pickup.immersiveengineering.metal":450,"stat.mineBlock.minecraft.sapling":2,"stat.pickup.exnihilocreatio.item_seed_potato":7,"stat.useItem.forge.bucketfilled":7,"stat.killEntity.Shulker":5,"stat.pickup.arcadialbonsaitrees.bonsai_darkoak_cutting":8,"stat.craftItem.nuclearcraft.pickaxe_boron":2,"stat.useItem.immersiveengineering.metal_device1":16,"stat.pickup.nuclearcraft.spaxelhoe_boron":4,"stat.mineBlock.exnihilocreatio.block_barrel1":3,"stat.useItem.galacticraftcore.steel_axe":40,"stat.mineBlock.exnihilocreatio.block_barrel0":1,"stat.pickup.nuclearcraft.gem_dust":12,"stat.pickup.minecraft.shulker_shell":3,"stat.craftItem.minecraft.stone_slab":24,"stat.pickup.cropdusting.poop":31,"stat.useItem.immersiveengineering.storage":25,"stat.useItem.minecraft.chest":3,"stat.drop.minecraft.wheat":6,"stat.useItem.minecraft.tnt":5,"stat.useItem.exnihilocreatio.hammer_iron":415,"stat.pickup.questbook.itemquestbook":1,"stat.useItem.exnihilocreatio.block_andesite_crushed":21,"stat.mineBlock.exnihilocreatio.block_diorite_crushed":29,"stat.mineBlock.nuclearcraft.rock_crusher_idle":1,"stat.shulkerBoxOpened":5,"stat.pickup.minecraft.ender_pearl":4,"stat.drop.minecraft.wooden_slab":1,"stat.mineBlock.minecraft.tnt":2,"stat.mineBlock.refinedstorage.grid":3,"stat.mobKills":23,"stat.pickup.minecraft.diamond":18,"stat.pickup.minecraft.beetroot_seeds":3,"stat.pickup.minecraft.torch":2,"stat.entityKilledBy.Silverfish":1,"stat.craftItem.thermalfoundation.upgrade":5,"stat.drop.minecraft.quartz_block":48,"stat.craftItem.nuclearcraft.sword_boron":2,"stat.mineBlock.compactmachines3.fieldprojector":19,"stat.mineBlock.exnihilocreatio.block_sieve":5,"stat.craftItem.minecraft.iron_axe":2,"stat.mineBlock.minecraft.purple_shulker_box":2,"stat.useItem.minecraft.planks":7,"stat.pickup.exnihilocreatio.hammer_wood":1,"stat.craftItem.immersiveengineering.treated_wood_slab":12,"stat.mineBlock.immersiveengineering.ore":7,"stat.craftItem.immersiveengineering.metal_device0":1,"stat.craftItem.immersiveengineering.metal_device1":11,"stat.pickup.compactmachines3.fieldprojector":12,"stat.useItem.minecraft.water_bucket":51,"stat.pickup.minecraft.sand":433,"stat.pickup.nuclearcraft.water_source":1,"stat.pickup.exnihilocreatio.item_pebble":458,"stat.useItem.minecraft.ender_pearl":2,"stat.mineBlock.nuclearcraft.isotope_separator_idle":1,"stat.mineBlock.minecraft.sand":82,"stat.craftItem.thermalfoundation.glass":13,"stat.drop.thermaldynamics.duct_0":36,"stat.pickup.arcadialbonsaitrees.bonsai_spruce_sapling":10,"stat.pickup.immersiveengineering.wirecoil":2,"stat.hopperInspected":65,"stat.pickup.exnihilocreatio.item_seed_birch":2,"stat.pickup.modularmachinery.blockinputbus":5,"stat.pickup.exnihilocreatio.block_barrel0":1,"stat.craftItem.thermalcultivation.watering_can":1,"stat.craftItem.enderio.item_material":22,"stat.craftItem.refinedstorage.silicon":249,"stat.craftItem.minecraft.golden_carrot":1,"stat.pickup.exnihilocreatio.block_barrel1":2,"stat.drop.thermalexpansion.cache":1,"stat.craftItem.refinedstorage.machine_casing":2,"stat.craftItem.thermalfoundation.material":117,"stat.drop.nuclearcraft.fission_port":1,"stat.craftItem.thermalfoundation.tool.hoe_tin":1,"stat.pickup.nuclearcraft.manufactory_idle":1,"stat.pickup.minecraft.furnace":3,"stat.useItem.minecraft.redstone":7,"stat.craftItem.thermalfoundation.tool.pickaxe_steel":1,"stat.useItem.thermaldynamics.duct_0":19,"stat.pickup.thermalexpansion.cache":3,"stat.pickup.exnihilocreatio.item_ore_iron":4,"stat.drop.nuclearcraft.fuel_uranium":1,"stat.useItem.modularmachinery.blockcasing":5,"stat.craftItem.exnihilocreatio.hammer_iron":3,"stat.useItem.immersiveengineering.seed":13,"stat.pickup.exnihilocreatio.item_seed_carrot":5,"stat.pickup.minecraft.pumpkin_seeds":29,"stat.pickup.exnihilocreatio.item_ore_nickel":1,"stat.useItem.minecraft.hopper":7,"stat.craftItem.immersiveengineering.material":35,"stat.playOneMinute":2276141,"stat.pickup.minecraft.blaze_rod":7,"stat.useItem.immersiveengineering.wooden_device0":3,"stat.pickup.nuclearcraft.dust":15,"stat.craftItem.minecraft.diamond_block":2,"stat.mineBlock.exnihilocreatio.block_andesite_crushed":24,"stat.pickup.minecraft.netherrack":6,"stat.pickup.minecraft.pumpkin":6,"stat.craftItem.immersiveengineering.wooden_device0":7,"stat.pickup.arcadialbonsaitrees.bonsai_birch_sapling":6,"stat.mineBlock.refinedstorage.controller":2,"stat.craftItem.refinedstorage.upgrade":1,"stat.craftItem.minecraft.iron_nugget":72,"stat.fallOneCm":75118,"stat.drop.minecraft.dye":1,"stat.pickup.nuclearcraft.ore":13,"stat.craftItem.minecraft.chest":36,"stat.mineBlock.minecraft.lever":3,"stat.pickup.thermalexpansion.device":1,"stat.mineBlock.galacticraftcore.fluid_tank":10,"stat.craftItem.modularmachinery.blockoutputbus":2,"stat.mineBlock.compactmachines3.machine":6,"stat.mineBlock.nuclearcraft.ore":16,"stat.mineBlock.modularmachinery.blockcasing":1,"stat.mineBlock.modularmachinery.blockinputbus":6,"stat.mineBlock.minecraft.gravel":81,"stat.useItem.minecraft.stone_pickaxe":6,"stat.craftItem.nuclearcraft.infuser_idle":1,"stat.craftItem.minecraft.leather":4,"stat.pickup.nuclearcraft.upgrade":3,"stat.craftItem.integrateddynamics.on_the_dynamics_of_integration":1,"stat.mineBlock.modularmachinery.blockfluidinputhatch":1,"stat.craftItem.minecraft.redstone_block":39,"stat.pickup.minecraft.crafting_table":2,"stat.useItem.exnihilocreatio.item_seed_cactus":1,"stat.craftItem.minecraft.crafting_table":6,"stat.mineBlock.thermalexpansion.strongbox":10,"stat.mineBlock.minecraft.emerald_ore":2,"stat.pickup.minecraft.log":82,"stat.craftItem.refinedstorage.disk_manipulator":1,"stat.mineBlock.galacticraftcore.basic_block_core":19,"stat.craftItem.refinedstorage.processor_binding":12,"stat.craftItem.minecraft.stone_button":37,"stat.craftItem.enderio.item_basic_item_filter":1,"stat.drop.arcadialbonsaitrees.bonsai_oak_cutting":8,"stat.craftItem.compactmachines3.fieldprojector":4,"stat.mineBlock.opencomputers.case1":3,"stat.pickup.minecraft.sapling":107,"stat.mineBlock.minecraft.iron_block":17,"stat.craftItem.refinedstorage.processor":93,"stat.pickup.minecraft.beetroot":3,"stat.useItem.exnihilocreatio.hammer_wood":15,"stat.drop.immersiveengineering.material":33,"stat.craftItem.thermaldynamics.duct_0":81,"stat.craftItem.thermalfoundation.tome_experience":1,"stat.craftItem.minecraft.sugar":13,"stat.pickup.immersiveengineering.metal_device0":1,"stat.pickup.immersiveengineering.metal_device1":20,"stat.useItem.arcadialbonsaitrees.bonsai_oak_sapling":26,"stat.useItem.minecraft.beetroot_seeds":2,"stat.sneakTime":147438,"stat.drop.minecraft.bucket":1,"stat.pickup.minecraft.stone_slab":8,"stat.pickup.minecraft.yellow_flower":2,"stat.useItem.minecraft.beetroot":1,"stat.useItem.minecraft.fishing_rod":13,"stat.pickup.clickmachine.auto_clicker":15,"stat.pickup.minecraft.chest":3,"stat.pickup.immersiveengineering.ore":8,"stat.pickup.minecraft.bone":3,"stat.craftItem.thermalexpansion.strongbox":2,"stat.craftItem.nuclearcraft.decay_generator":1,"stat.drop.minecraft.beetroot":1,"stat.pickup.immersiveengineering.wooden_device0":1,"stat.craftItem.nuclearcraft.axe_boron":2,"stat.swimOneCm":81733,"stat.pickup.thermalexpansion.machine":11,"stat.pickup.thermalexpansion.strongbox":4,"stat.useItem.minecraft.dirt":135,"stat.craftItem.minecraft.purple_shulker_box":1,"stat.craftItem.immersiveengineering.wooden_decoration":6,"stat.pickup.galacticraftcore.steel_axe":1,"stat.drop.immersiveengineering.metal":96,"stat.pickup.refinedstorage.controller":2,"stat.drop.minecraft.ender_pearl":5,"stat.craftItem.minecraft.stone_pickaxe":7,"stat.pickup.minecraft.cobblestone":718,"stat.craftItem.opencomputers.component":7,"stat.pickup.exnihilocreatio.item_seed_cactus":5,"stat.pickup.minecraft.clay":1,"stat.pickup.minecraft.soul_sand":8,"stat.pickup.compactmachines3.wallbreakable":201,"stat.drop.minecraft.wheat_seeds":10,"stat.craftItem.jecalculation.item_calculator":2,"stat.pickup.opencomputers.case1":3,"stat.craftItem.minecraft.wooden_slab":24,"stat.useItem.minecraft.cooked_beef":1,"stat.pickup.minecraft.cactus":2,"stat.craftItem.modularmachinery.blockfluidinputhatch":6,"stat.pickup.minecraft.redstone":45,"stat.craftItem.minecraft.book":7,"stat.mineBlock.minecraft.iron_ore":4,"stat.pickup.arcadialbonsaitrees.bonsai_acacia_cutting":8,"stat.useItem.minecraft.sign":8,"stat.pickup.galacticraftcore.fluid_tank":9,"stat.drop.minecraft.coal":40,"stat.pickup.projectred-transmission.wire":8,"stat.craftItem.opencomputers.diskdrive":2,"stat.mineBlock.thermalfoundation.ore":10,"stat.pickup.galacticraftcore.basic_block_core":19,"stat.mineBlock.thermalexpansion.device":1,"stat.craftItem.refinedstorage.core":4,"stat.pickup.exnihilocreatio.item_seed_jungle":4,"stat.craftItem.opencomputers.tool":4,"stat.craftItem.minecraft.stone_slab2":0,"stat.craftItem.opencomputers.screen1":2,"stat.craftItem.minecraft.stick":176,"stat.pickup.nuclearcraft.cobblestone_generator_compact":1,"stat.drop.thermalfoundation.wrench":1,"stat.useItem.minecraft.stone_slab":2,"stat.useItem.refinedstorage.importer":2,"stat.pickup.exnihilocreatio.item_material":12,"stat.craftItem.minecraft.stone":185,"stat.craftItem.exnihilocreatio.block_crucible_wood":2,"stat.craftItem.minecraft.gold_nugget":27,"stat.mineBlock.minecraft.crafting_table":2,"stat.drop.exnihilocreatio.block_dust":8,"stat.craftItem.minecraft.clay_ball":4,"stat.entityKilledBy.Creeper":1,"stat.mineBlock.refinedstorage.importer":1,"stat.mineBlock.minecraft.planks":7,"stat.drop":149,"stat.drop.minecraft.blaze_rod":3,"stat.craftItem.minecraft.diamond_pickaxe":1,"stat.drop.minecraft.bread":1,"stat.craftItem.galacticraftcore.steel_axe":2,"stat.craftItem.minecraft.piston":8,"stat.pickup.refinedstorage.importer":1,"stat.useItem.thermalfoundation.wrench":3,"stat.useItem.immersiveengineering.tool":2,"stat.pickup.minecraft.gravel":111,"stat.craftItem.refinedstorage.storage_part":23,"stat.pickup.minecraft.purple_shulker_box":2,"stat.useItem.minecraft.apple":7,"stat.pickup.exnihilocreatio.item_seed_sugarcane":1,"stat.useItem.immersiveengineering.metal_decoration1":8,"stat.useItem.immersiveengineering.metal_decoration0":2,"stat.mineBlock.refinedstorage.disk_drive":2,"stat.pickup.exnihilocreatio.block_granite_crushed":39,"stat.craftItem.minecraft.bread":4,"stat.mineBlock.craftingstation.crafting_station":11,"stat.pickup.minecraft.iron_ore":6,"stat.craftItem.galacticraftcore.fluid_tank":7,"stat.pickup.galacticraftcore.steel_pickaxe":2,"stat.useItem.nuclearcraft.spaxelhoe_boron":694,"stat.craftItem.immersiveengineering.metal_decoration1":3,"stat.craftItem.minecraft.flint_and_steel":1,"stat.craftItem.immersiveengineering.metal_decoration0":7,"stat.craftItem.minecraft.iron_bars":32,"stat.pickup.minecraft.leather":2,"stat.mineBlock.minecraft.furnace":4,"stat.useItem.minecraft.wooden_pickaxe":2,"stat.useItem.enderio.item_liquid_conduit":15,"stat.pickup.minecraft.reeds":17,"stat.pickup.nuclearcraft.decay_generator":6,"stat.pickup.modularmachinery.blockcontroller":3,"stat.craftItem.minecraft.glass":233,"stat.damageDealt":5145,"stat.useItem.exnihilocreatio.item_seed_sugarcane":1,"stat.killEntity.Cow":1,"stat.craftItem.minecraft.gravel":8,"stat.craftItem.immersiveengineering.storage":7,"stat.useItem.compactmachines3.fieldprojector":12,"stat.craftItem.nuclearcraft.part":26,"stat.pickup.minecraft.piston":3,"stat.mineBlock.integrateddynamics.squeezer":4,"stat.walkOneCm":1351739,"stat.pickup.minecraft.stick":99,"stat.mineBlock.compactmachines3.wallbreakable":81,"stat.mineBlock.immersiveengineering.storage":31,"stat.pickup.immersiveengineering.storage":31,"stat.useItem.immersiveengineering.sheetmetal":8,"stat.drop.questbook.itemquestbook":1,"stat.mineBlock.thermaldynamics.duct_0":23,"stat.useItem.exnihilocreatio.block_diorite_crushed":28,"stat.mineBlock.chisel.basalt2":3,"stat.craftItem.questbook.itemquestbook":5,"stat.pickup.refinedstorage.disk_drive":2,"stat.pickup.exnihilocreatio.block_andesite_crushed":24,"stat.useItem.minecraft.redstone_block":2,"stat.pickup.minecraft.tnt":2,"stat.pickup.minecraft.stone":88,"stat.craftItem.minecraft.redstone":9,"stat.pickup.minecraft.gold_ingot":67,"stat.killEntity.Skeleton":4,"stat.mineBlock.minecraft.cactus":2,"stat.mineBlock.modularmachinery.blockoutputbus":3,"stat.killEntity.Chicken":1,"stat.drop.exnihilocreatio.hammer_wood":1,"stat.useItem.minecraft.iron_block":60,"stat.killEntity.Spider":2,"stat.useItem.compactmachines3.wallbreakable":110,"stat.craftItem.minecraft.tnt":3,"stat.craftItem.exnihilocreatio.block_barrel1":2,"stat.craftItem.exnihilocreatio.block_barrel0":7,"stat.pickup.minecraft.quartz":7,"stat.mineBlock.minecraft.leaves":8,"stat.mineBlock.minecraft.piston":3,"stat.mineBlock.nuclearcraft.decay_generator":6,"stat.mineBlock.minecraft.redstone_ore":5,"stat.pickup.contenttweaker.prestoff":6,"stat.craftItem.minecraft.brick":3,"stat.craftItem.minecraft.tripwire_hook":12,"stat.useItem.nuclearcraft.pickaxe_boron":517,"stat.craftItem.exnihilocreatio.item_mesh":3,"stat.mineBlock.minecraft.stone":593}