{"stat.craftItem.immersiveengineering.stone_decoration":97,"stat.pickup.cttinycoal.tiny_coal":17,"stat.drop.minecraft.gunpowder":1,"stat.drop.minecraft.redstone":37,"stat.craftItem.opencomputers.assembler":1,"stat.pickup.opencomputers.storage":2,"stat.pickup.minecraft.rotten_flesh":13,"stat.mineBlock.nuclearcraft.manufactory_idle":11,"stat.pickup.uppers.upper":9,"stat.pickup.minecraft.bucket":12,"stat.pickup.integrateddynamics.menril_berries":8,"stat.pickup.cropdusting.fertile_dirt":3,"stat.useItem.minecraft.iron_pickaxe":1156,"stat.pickup.minecraft.double_plant":2,"stat.craftItem.minecraft.glass_pane":64,"stat.pickup.contenttweaker.poopfuel":16,"stat.mineBlock.chisel.marble2":5,"stat.pickup.minecraft.wooden_shovel":1,"stat.furnaceInteraction":455,"stat.craftItem.nuclearcraft.pickaxe_tough":3,"stat.drop.exnihilocreatio.item_ore_aluminium":2,"stat.mineBlock.immersiveengineering.wooden_device0":4,"stat.pickup.nuclearcraft.nitrogen_collector":1,"stat.craftItem.opencomputers.capacitor":2,"stat.drop.thermalfoundation.tome_experience":1,"stat.useItem.minecraft.flint_and_steel":7,"stat.useItem.minecraft.wheat_seeds":33,"stat.pickup.immersiveengineering.sheetmetal":2,"stat.drop.exnihilocreatio.item_seed_jungle":1,"stat.craftItem.modularmachinery.itemmodularium":1603,"stat.deaths":15,"stat.pickup.minecraft.egg":1,"stat.craftItem.minecraft.wooden_shovel":65,"stat.pickup.nuclearcraft.melter_idle":3,"stat.pickup.compactmachines3.machine":374,"stat.craftItem.minecraft.iron_pickaxe":90,"stat.craftItem.galacticraftcore.aluminum_wire":12,"stat.craftItem.minecraft.repeater":4,"stat.craftItem.minecraft.cooked_mutton":6,"stat.mineBlock.thermalexpansion.machine":60,"stat.chestOpened":1592,"stat.useItem.exnihilocreatio.block_granite_crushed":31,"stat.drop.immersiveengineering.metal_decoration0":19,"stat.drop.contenttweaker.dirtdust":2,"stat.pickup.thermalfoundation.wrench":2,"stat.craftItem.minecraft.sign":6,"stat.craftItem.modularmachinery.blockcasing":148,"stat.craftItem.minecraft.quartz_block":96,"stat.pickup.thermalexpansion.augment":2,"stat.pickup.galacticraftcore.machine":9,"stat.craftItem.minecraft.coal":533,"stat.craftItem.uppers.upper":4,"stat.crouchOneCm":4138874,"stat.pickup.arcadialbonsaitrees.bonsai_acacia_sapling":27,"stat.craftItem.minecraft.iron_ingot":2344,"stat.pickup.craftingstation.crafting_station":11,"stat.craftingTableInteraction":834,"stat.pickup.exnihilocreatio.block_diorite_crushed":31,"stat.craftItem.contenttweaker.poopfuel":52,"stat.mineBlock.minecraft.log2":85,"stat.pickup.immersiveengineering.stone_decoration":137,"stat.pickup.minecraft.dye":180,"stat.pickup.arcadialbonsaitrees.bonsai_jungle_sapling":2,"stat.pickup.minecraft.planks":149,"stat.craftItem.nuclearcraft.nuclear_furnace_idle":2,"stat.pickup.exnihilocreatio.item_mesh":17,"stat.craftItem.immersiveengineering.sheetmetal":104,"stat.pickup.exnihilocreatio.item_seed_darkoak":14,"stat.pickup.contenttweaker.graveldust":497,"stat.pickup.opencomputers.card":1,"stat.useItem.minecraft.glass_pane":1,"stat.craftItem.minecraft.bucket":41,"stat.pickup.opencomputers.keyboard":1,"stat.craftItem.minecraft.planks":1572,"stat.craftItem.refinedstorage.storage_disk":2,"stat.craftItem.minecraft.dirt":607,"stat.useItem.immersiveengineering.shovel_steel":13,"stat.useItem.galacticraftcore.fluid_tank":7,"stat.pickup.arcadialbonsaitrees.bonsai_oak_sapling":117,"stat.craftItem.minecraft.cobblestone":500,"stat.pickup.nuclearcraft.block_depleted_uranium":2,"stat.mineBlock.cropdusting.fertile_dirt":2,"stat.drop.cropdusting.poop":151,"stat.mineBlock.minecraft.cobblestone":715,"stat.mineBlock.minecraft.pumpkin":3,"stat.pickup.minecraft.stone_pickaxe":1,"stat.pickup.minecraft.flint":180,"stat.pickup.opencomputers.component":2,"stat.craftItem.thermalexpansion.cell":2,"stat.pickup.modularmachinery.itemmodularium":87,"stat.mineBlock.thermalfoundation.storage":5,"stat.craftItem.nuclearcraft.alloy_furnace_idle":2,"stat.craftItem.modularmachinery.blockinputbus":7,"stat.pickup.immersiveengineering.metal_decoration0":50,"stat.pickup.immersiveengineering.metal_decoration1":58,"stat.useItem.cropdusting.poop":35,"stat.craftItem.immersiveengineering.conveyor":16,"stat.useItem.minecraft.stone_slab2":920,"stat.pickup.forge.bucketfilled":1,"stat.craftItem.minecraft.furnace":34,"stat.pickup.thermalfoundation.ore":6,"stat.craftItem.immersivepetroleum.schematic":2,"stat.pickup.opencomputers.diskdrive":1,"stat.useItem.exnihilocreatio.hammer_stone":103,"stat.useItem.minecraft.brick_block":6,"stat.pickup.modularmachinery.blockenergyinputhatch":5,"stat.useItem.thermaldynamics.duct_32":105,"stat.craftItem.nuclearcraft.chemical_reactor_idle":3,"stat.craftItem.minecraft.iron_block":92,"stat.pickup.thermalexpansion.dynamo":1,"stat.pickup.thermaldynamics.retriever":20,"stat.craftItem.minecraft.stonebrick":12,"stat.craftItem.thermalfoundation.tool.pickaxe_lead":2,"stat.craftItem.nuclearcraft.rock_crusher_idle":1,"stat.pickup.thermaldynamics.duct_0":282,"stat.craftItem.nuclearcraft.pressurizer_idle":1,"stat.killEntity.Creeper":1,"stat.craftItem.refinedstorage.quartz_enriched_iron":72,"stat.entityKilledBy.Skeleton":4,"stat.drop.minecraft.obsidian":15,"stat.pickup.thermaldynamics.duct_32":98,"stat.sprintOneCm":266494,"stat.mineBlock.minecraft.stone_slab":6,"stat.pickup.immersiveengineering.tool":1,"stat.useItem.carryon.tile_item":185,"stat.mineBlock.uppers.upper":9,"stat.craftItem.immersiveengineering.sheetmetal_slab":18,"stat.useItem.minecraft.snowball":1,"stat.mineBlock.exnihilocreatio.block_granite_crushed":35,"stat.pickup.exnihilocreatio.block_crucible_wood":3,"stat.pickup.minecraft.iron_block":111,"stat.killEntity.Zombie":19,"stat.craftItem.minecraft.dye":36,"stat.pickup.minecraft.wheat":116,"stat.craftItem.minecraft.sandstone":27,"stat.mineBlock.immersiveengineering.metal_device1":49,"stat.pickup.minecraft.sign":20,"stat.craftItem.thermalexpansion.cache":23,"stat.mineBlock.immersiveengineering.stone_device":5,"stat.pickup.minecraft.obsidian":1,"stat.mineBlock.galacticraftcore.machine":9,"stat.useItem.immersiveengineering.stone_decoration":180,"stat.pickup.minecraft.coal":353,"stat.pickup.minecraft.iron_ingot":82,"stat.pickup.thermalfoundation.tome_experience":1,"stat.craftItem.minecraft.lever":2,"stat.craftItem.refinedstorage.grid":2,"stat.pickup.minecraft.dirt":330,"stat.mineBlock.minecraft.lapis_ore":2,"stat.craftItem.thermalfoundation.tool.axe_steel":3,"stat.pickup.minecraft.iron_axe":1,"stat.pickup.exnihilocreatio.item_seed_spruce":27,"stat.mineBlock.minecraft.torch":7,"stat.useItem.thermalfoundation.tool.sword_invar":40,"stat.pickup.arcadialbonsaitrees.bonsai_darkoak_cutting":196,"stat.craftItem.nuclearcraft.pickaxe_boron":5,"stat.useItem.thermalexpansion.augment":18,"stat.useItem.galacticraftcore.steel_axe":30,"stat.mineBlock.nuclearcraft.block_depleted_thorium":2,"stat.pickup.minecraft.shulker_shell":2,"stat.useItem.minecraft.tnt":21,"stat.useItem.exnihilocreatio.hammer_iron":1973,"stat.useItem.minecraft.lava_bucket":3,"stat.pickup.questbook.itemquestbook":1,"stat.mineBlock.exnihilocreatio.block_diorite_crushed":31,"stat.mineBlock.refinedstorage.cable":1,"stat.mobKills":55,"stat.craftItem.exnihilocreatio.item_ore_gold":1,"stat.pickup.minecraft.diamond":15,"stat.pickup.minecraft.beetroot_seeds":8,"stat.craftItem.refinedstorage.controller":2,"stat.craftItem.enderio.item_basic_capacitor":2,"stat.craftItem.thermalfoundation.tool.pickaxe_aluminum":2,"stat.pickup.exnihilocreatio.hammer_wood":1,"stat.mineBlock.immersiveengineering.ore":10,"stat.useItem.thermalfoundation.upgrade":14,"stat.pickup.nuclearcraft.cobblestone_generator":2,"stat.craftItem.galacticraftplanets.item_basic_mars":16,"stat.pickup.exnihilocreatio.item_pebble":3323,"stat.mineBlock.minecraft.sand":524,"stat.craftItem.thermalfoundation.glass":33,"stat.pickup.arcadialbonsaitrees.bonsai_spruce_sapling":13,"stat.hopperInspected":124,"stat.pickup.thermalexpansion.cell":20,"stat.craftItem.enderio.item_material":10,"stat.craftItem.refinedstorage.silicon":80,"stat.drop.galacticraftplanets.desh_pick":1,"stat.craftItem.thermalfoundation.material":1860,"stat.useItem.minecraft.cooked_mutton":4,"stat.craftItem.thermalfoundation.tool.pickaxe_steel":5,"stat.useItem.thermaldynamics.duct_0":353,"stat.mineBlock.thermalexpansion.cell":20,"stat.pickup.compactmachines3.tunneltool":24,"stat.craftItem.thermalfoundation.tool.pickaxe_silver":2,"stat.pickup.minecraft.pumpkin_seeds":148,"stat.craftItem.immersiveengineering.material":419,"stat.pickup.contenttweaker.tinysmashedmachine":144,"stat.craftItem.nuclearcraft.water_source_compact":2,"stat.pickup.minecraft.blaze_rod":112,"stat.pickup.nuclearcraft.dust":352,"stat.craftItem.minecraft.diamond_block":1,"stat.craftItem.nuclearcraft.fission_block":8,"stat.mineBlock.exnihilocreatio.block_andesite_crushed":17,"stat.pickup.nuclearcraft.reactor_casing_transparent":5,"stat.pickup.minecraft.netherrack":7,"stat.mineBlock.nuclearcraft.alloy_furnace_idle":2,"stat.pickup.minecraft.pumpkin":3,"stat.pickup.arcadialbonsaitrees.bonsai_birch_sapling":24,"stat.useItem.immersiveengineering.axe_steel":880,"stat.useItem.minecraft.trapped_chest":1,"stat.pickup.nuclearcraft.ore":10,"stat.pickup.thermalexpansion.device":7,"stat.craftItem.modularmachinery.blockoutputbus":7,"stat.mineBlock.compactmachines3.machine":39,"stat.useItem.morphtool.tool":4,"stat.useItem.minecraft.furnace":3,"stat.mineBlock.modularmachinery.blockinputbus":9,"stat.mineBlock.minecraft.gravel":858,"stat.mineBlock.nuclearcraft.reactor_casing_transparent":13,"stat.craftItem.nuclearcraft.pickaxe_hard_carbon":2,"stat.craftItem.minecraft.leather":4,"stat.craftItem.integrateddynamics.squeezer":2,"stat.drop.minecraft.iron_axe":1,"stat.useItem.minecraft.torch":28,"stat.craftItem.thermalfoundation.tool.pickaxe_constantan":1,"stat.craftItem.minecraft.redstone_block":701,"stat.pickup.minecraft.crafting_table":6,"stat.useItem.minecraft.log":2,"stat.craftItem.minecraft.crafting_table":6,"stat.mineBlock.thermalexpansion.strongbox":12,"stat.pickup.nuclearcraft.water_source_compact":3,"stat.drop.thermalexpansion.machine":1,"stat.pickup.minecraft.redstone_block":86,"stat.craftItem.refinedstorage.processor_binding":21,"stat.drop.minecraft.planks":1,"stat.pickup.minecraft.sapling":753,"stat.craftItem.refinedstorage.processor":82,"stat.pickup.minecraft.beetroot":4,"stat.craftItem.thermaldynamics.retriever":6,"stat.useItem.exnihilocreatio.hammer_wood":113,"stat.drop.immersiveengineering.material":14,"stat.pickup.nuclearcraft.block_depleted_thorium":2,"stat.useItem.arcadialbonsaitrees.bonsai_oak_sapling":4,"stat.pickup.minecraft.stone_slab":6,"stat.pickup.clickmachine.auto_clicker":42,"stat.mineBlock.integrateddynamics.menril_log_filled":3,"stat.pickup.minecraft.bone":5,"stat.craftItem.nuclearcraft.decay_generator":2,"stat.useItem.minecraft.log2":6,"stat.useItem.immersiveengineering.conveyor":9,"stat.mineBlock.immersiveengineering.metal_multiblock":6,"stat.pickup.immersiveengineering.wooden_device0":4,"stat.craftItem.nuclearcraft.cobblestone_generator_compact":2,"stat.craftItem.nuclearcraft.nitrogen_collector":2,"stat.craftItem.nuclearcraft.axe_boron":10,"stat.climbOneCm":120,"stat.pickup.thermalexpansion.machine":62,"stat.craftItem.minecraft.purple_shulker_box":2,"stat.mineBlock.nuclearcraft.fission_controller_new_fixed":7,"stat.drop.immersiveengineering.metal":1,"stat.craftItem.minecraft.stone_pickaxe":207,"stat.pickup.minecraft.cobblestone":3087,"stat.pickup.exnihilocreatio.item_seed_cactus":23,"stat.useItem.minecraft.cooked_beef":10,"stat.drop.contenttweaker.glitched0":2,"stat.pickup.minecraft.redstone":939,"stat.craftItem.thermalfoundation.tool.pickaxe_electrum":2,"stat.craftItem.minecraft.book":1,"stat.mineBlock.minecraft.iron_ore":6,"stat.pickup.galacticraftcore.fluid_tank":3,"stat.drop.minecraft.coal":1,"stat.pickup.projectred-transmission.wire":19,"stat.mineBlock.thermalfoundation.ore":7,"stat.drop.minecraft.dirt":4,"stat.mineBlock.thermalexpansion.device":7,"stat.craftItem.refinedstorage.core":5,"stat.pickup.exnihilocreatio.item_seed_jungle":27,"stat.craftItem.nuclearcraft.crystallizer_idle":1,"stat.craftItem.exnihilocreatio.hammer_stone":2,"stat.pickup.exnihilocreatio.item_ore_aluminium":16,"stat.craftItem.thermaldynamics.duct_32":128,"stat.pickup.minecraft.paper":1,"stat.craftItem.minecraft.stick":1440,"stat.pickup.nuclearcraft.cobblestone_generator_compact":3,"stat.craftItem.thermalexpansion.dynamo":1,"stat.craftItem.minecraft.gold_nugget":27,"stat.useItem.thermalfoundation.tool.axe_steel":813,"stat.craftItem.minecraft.clay_ball":392,"stat.entityKilledBy.Creeper":1,"stat.pickup.microblockcbe.stone_rod":1,"stat.mineBlock.refinedstorage.importer":3,"stat.mineBlock.minecraft.planks":8,"stat.drop":552,"stat.killEntity.Sheep":4,"stat.craftItem.galacticraftcore.steel_axe":1,"stat.craftItem.minecraft.piston":26,"stat.pickup.refinedstorage.importer":3,"stat.useItem.immersiveengineering.tool":40,"stat.craftItem.refinedstorage.storage_part":6,"stat.useItem.minecraft.apple":2,"stat.mineBlock.nuclearcraft.block_depleted_uranium":1,"stat.pickup.exnihilocreatio.item_seed_sugarcane":17,"stat.pickup.exnihilocreatio.block_granite_crushed":35,"stat.mineBlock.craftingstation.crafting_station":10,"stat.craftItem.exnihilocreatio.item_ore_iron":2,"stat.craftItem.immersiveengineering.shovel_steel":1,"stat.mineBlock.minecraft.furnace":13,"stat.useItem.enderio.item_liquid_conduit":26,"stat.pickup.nuclearcraft.decay_generator":4,"stat.craftItem.minecraft.netherbrick":43,"stat.craftItem.nuclearcraft.electrolyser_idle":1,"stat.damageDealt":8959,"stat.craftItem.minecraft.gravel":169,"stat.craftItem.immersiveengineering.storage":39,"stat.craftItem.nuclearcraft.part":179,"stat.craftItem.minecraft.stone_shovel":2,"stat.mineBlock.integrateddynamics.squeezer":1,"stat.pickup.minecraft.stick":31,"stat.craftItem.exnihilocreatio.item_material":64,"stat.mineBlock.compactmachines3.wallbreakable":160,"stat.pickup.immersiveengineering.storage":31,"stat.drop.minecraft.iron_block":1,"stat.craftItem.projectred-transmission.wire":24,"stat.useItem.minecraft.redstone_block":8,"stat.craftItem.nuclearcraft.manufactory_idle":4,"stat.craftItem.minecraft.redstone":5886,"stat.pickup.minecraft.air":0,"stat.pickup.thermaldynamics.servo":21,"stat.craftItem.projectred-core.resource_item":204,"stat.drop.exnihilocreatio.hammer_wood":1,"stat.craftItem.nuclearcraft.cooler":4,"stat.useItem.minecraft.iron_block":277,"stat.useItem.compactmachines3.wallbreakable":636,"stat.craftItem.minecraft.tnt":18,"stat.craftItem.exnihilocreatio.block_barrel0":2,"stat.mineBlock.nuclearcraft.cobblestone_generator_compact":4,"stat.mineBlock.minecraft.leaves":142,"stat.mineBlock.minecraft.piston":7,"stat.craftItem.energymeters.meter":2,"stat.craftItem.nuclearcraft.upgrade":1,"stat.pickup.contenttweaker.prestoff":10,"stat.useItem.thermaldynamics.retriever":18,"stat.craftItem.minecraft.tripwire_hook":4,"stat.mineBlock.opencomputers.screen1":1,"stat.useItem.clickmachine.auto_clicker":41,"stat.pickup.minecraft.wooden_slab":6,"stat.pickup.thermalfoundation.fertilizer":83,"stat.leaveGame":23,"stat.pickup.contenttweaker.corruptpsd":2,"stat.craftItem.projectred-integration.gate":4,"stat.drop.forge.bucketfilled":1,"stat.craftItem.minecraft.string":110,"stat.pickup.immersiveengineering.conveyor":17,"stat.useItem.elevatorid.elevator_white":1,"stat.craftItem.enderio.item_liquid_conduit":8,"stat.pickup.arcadialbonsaitrees.bonsai_darkoak_sapling":12,"stat.pickup.exnihilocreatio.block_dust":566,"stat.pickup.nuclearcraft.fission_block":1,"stat.craftItem.nuclearcraft.isotope_separator_idle":1,"stat.pickup.minecraft.brick_block":9,"stat.pickup.nuclearcraft.ingot_former_idle":5,"stat.pickup.integrateddynamics.menril_sapling":1,"stat.drop.minecraft.sand":6,"stat.pickup.exnihilocreatio.item_ore_copper":6,"stat.useItem.exnihilocreatio.item_material":2,"stat.craftItem.minecraft.wooden_pickaxe":22,"stat.pickup.thermalexpansion.satchel":1,"stat.mineBlock.minecraft.brick_block":9,"stat.craftItem.clickmachine.auto_clicker":10,"stat.mineBlock.minecraft.hopper":70,"stat.pickup.thermalfoundation.material":557,"stat.useItem.immersiveengineering.sheetmetal_slab":15,"stat.drop.minecraft.gravel":1,"stat.killEntity.ZombieVillager":2,"stat.craftItem.immersiveengineering.blueprint":3,"stat.pickup.minecraft.beef":43,"stat.pickup.minecraft.cauldron":1,"stat.craftItem.minecraft.gunpowder":81,"stat.craftItem.refinedstorage.cable":12,"stat.mineBlock.thermalexpansion.dynamo":1,"stat.pickup.compactmachines3.psd":3,"stat.pickup.opencomputers.screen1":1,"stat.useItem.minecraft.beef":10,"stat.craftItem.nuclearcraft.hoe_boron":4,"stat.pickup.contenttweaker.glitched1":1,"stat.pickup.enderio.item_liquid_conduit":31,"stat.pickup.contenttweaker.glitched0":4,"stat.pickup.refinedstorage.cable":1,"stat.pickup.immersiveengineering.sheetmetal_slab":1,"stat.craftItem.craftingstation.crafting_station":1,"stat.craftItem.immersiveengineering.metal":3597,"stat.pickup.chisel.marble2":6,"stat.mineBlock.minecraft.tallgrass":9,"stat.mineBlock.nuclearcraft.infuser_idle":2,"stat.craftItem.modularmachinery.blockenergyinputhatch":3,"stat.craftItem.nuclearcraft.fission_controller_new_fixed":1,"stat.pickup.immersiveengineering.material":499,"stat.useItem.refinedstorage.cable":1,"stat.pickup.contenttweaker.dirtdust":1772,"stat.useItem.minecraft.stone":74,"stat.pickup.minecraft.arrow":6,"stat.pickup.projectred-integration.gate":5,"stat.drop.minecraft.iron_pickaxe":1,"stat.mineBlock.elevatorid.elevator_white":1,"stat.mineBlock.minecraft.chest":46,"stat.craftItem.minecraft.hopper":31,"stat.drop.compactmachines3.psd":4,"stat.mineBlock.nuclearcraft.fission_port":1,"stat.useItem.minecraft.reeds":5,"stat.craftItem.minecraft.nether_brick":1,"stat.pickup.exnihilocreatio.item_ore_gold":5,"stat.pickup.minecraft.wheat_seeds":570,"stat.craftItem.nuclearcraft.shovel_boron":4,"stat.mineBlock.opencomputers.diskdrive":1,"stat.mineBlock.minecraft.dirt":288,"stat.craftItem.opencomputers.material":20,"stat.useItem.craftingstation.crafting_station":1,"stat.drop.minecraft.paper":11,"stat.pickup.immersiveengineering.seed":109,"stat.useItem.minecraft.bread":1,"stat.useItem.minecraft.cobblestone":774,"stat.useItem.minecraft.gravel":811,"stat.craftItem.refinedstorage.cutting_tool":3,"stat.drop.arcadialbonsaitrees.bonsai_birch_sapling":1,"stat.craftItem.refinedstorage.disk_drive":2,"stat.pickup.minecraft.iron_pickaxe":5,"stat.craftItem.minecraft.gold_ingot":165,"stat.pickup.minecraft.hopper":66,"stat.pickup.minecraft.apple":60,"stat.craftItem.immersiveengineering.tool":13,"stat.pickup.integrateddynamics.squeezer":1,"stat.mineBlock.contenttweaker.glitched0":1,"stat.mineBlock.contenttweaker.glitched1":1,"stat.craftItem.galacticraftplanets.carbon_fragments":1,"stat.craftItem.clipboard.clipboard":1,"stat.mineBlock.integrateddynamics.menril_log":26,"stat.mineBlock.minecraft.log":1693,"stat.craftItem.minecraft.paper":60,"stat.craftItem.nuclearcraft.water_source":11,"stat.mineBlock.modularmachinery.blockcontroller":7,"stat.craftItem.thermalexpansion.frame":22,"stat.pickup.exnihilocreatio.item_seed_acacia":22,"stat.craftItem.contenttweaker.modulariumblend":2997,"stat.pickup.exnihilocreatio.block_sieve":15,"stat.pickup.minecraft.wool":4,"stat.craftItem.minecraft.trapped_chest":4,"stat.pickup.modularmachinery.blockoutputbus":4,"stat.useItem.minecraft.iron_axe":275,"stat.craftItem.microblockcbe.stone_rod":1,"stat.drop.thermalfoundation.material":1,"stat.craftItem.nuclearcraft.spaxelhoe_boron":6,"stat.craftItem.minecraft.wool":8,"stat.craftItem.thermalexpansion.augment":9,"stat.useItem.minecraft.obsidian":272,"stat.mineBlock.modularmachinery.blockenergyinputhatch":5,"stat.pickup.minecraft.bow":1,"stat.pickup.arcadialbonsaitrees.bonsai_oak_cutting":540,"stat.craftItem.minecraft.cooked_beef":15,"stat.mineBlock.nuclearcraft.water_source_compact":3,"stat.flyOneCm":183917,"stat.mineBlock.immersiveengineering.metal_decoration1":57,"stat.mineBlock.immersiveengineering.metal_decoration0":43,"stat.timeSinceDeath":681618,"stat.craftItem.immersiveengineering.treated_wood":24,"stat.killEntity.Bat":1,"stat.useItem.nuclearcraft.cooler":1,"stat.useItem.projectred-transmission.wire":26,"stat.craftItem.compactmachines3.machine":137,"stat.craftItem.thermalfoundation.tool.pickaxe_nickel":1,"stat.mineBlock.minecraft.coal_ore":33,"stat.pickup.exnihilocreatio.item_seed_oak":17,"stat.pickup.minecraft.string":4,"stat.pickup.nuclearcraft.fission_controller_new_fixed":3,"stat.useItem.nuclearcraft.reactor_casing_transparent":11,"stat.craftItem.nuclearcraft.ingot_former_idle":1,"stat.mineBlock.minecraft.diamond_ore":11,"stat.pickup.thermalfoundation.dye":1,"stat.craftItem.exnihilocreatio.hammer_wood":2,"stat.craftItem.minecraft.wooden_pressure_plate":3,"stat.craftItem.nuclearcraft.gem_dust":11,"stat.craftItem.immersiveengineering.wirecoil":168,"stat.craftItem.nuclearcraft.melter_idle":1,"stat.pickup.minecraft.snowball":16,"stat.useItem.thermalfoundation.tool.pickaxe_steel":373,"stat.diveOneCm":16793,"stat.mineBlock.clickmachine.auto_clicker":42,"stat.useItem.arcadialbonsaitrees.bonsai_darkoak_sapling":7,"stat.mineBlock.nuclearcraft.ingot_former_idle":5,"stat.craftItem.thermalexpansion.machine":15,"stat.craftItem.minecraft.diamond_sword":2,"stat.craftItem.exnihilocreatio.block_crucible":2,"stat.mineBlock.exnihilocreatio.block_crucible_wood":3,"stat.useItem.minecraft.sand":499,"stat.jump":5659,"stat.drop.compactmachines3.machine":118,"stat.mineBlock.nuclearcraft.water_source":4,"stat.useItem.projectred-integration.gate":3,"stat.craftItem.minecraft.torch":112,"stat.useItem.minecraft.sapling":278,"stat.craftItem.refinedstorage.importer":1,"stat.mineBlock.thermaldynamics.duct_32":81,"stat.mineBlock.minecraft.glass_pane":3,"stat.damageTaken":8650,"stat.pickup.immersiveengineering.metal":5992,"stat.mineBlock.minecraft.sapling":35,"stat.pickup.minecraft.log2":164,"stat.pickup.minecraft.quartz_block":48,"stat.pickup.exnihilocreatio.item_seed_potato":22,"stat.pickup.minecraft.potato":1,"stat.useItem.forge.bucketfilled":13,"stat.killEntity.Shulker":3,"stat.craftItem.nuclearcraft.cell_block":1,"stat.useItem.immersiveengineering.metal_device1":56,"stat.pickup.nuclearcraft.spaxelhoe_boron":4,"stat.mineBlock.exnihilocreatio.block_barrel1":6,"stat.mineBlock.exnihilocreatio.block_barrel0":3,"stat.pickup.nuclearcraft.gem_dust":3,"stat.craftItem.minecraft.stone_slab":24,"stat.craftItem.immersiveengineering.axe_steel":1,"stat.pickup.cropdusting.poop":501,"stat.useItem.immersiveengineering.storage":35,"stat.useItem.minecraft.chest":24,"stat.mineBlock.immersiveengineering.sheetmetal":2,"stat.pickup.arcadialbonsaitrees.bonsai_birch_cutting":8,"stat.useItem.exnihilocreatio.block_andesite_crushed":14,"stat.pickup.thermalfoundation.storage":5,"stat.craftItem.galacticraftplanets.desh_pick":1,"stat.pickup.minecraft.ender_pearl":12,"stat.pickup.nuclearcraft.infuser_idle":2,"stat.pickup.nuclearcraft.fuel_uranium":1,"stat.mineBlock.minecraft.tnt":4,"stat.craftItem.minecraft.shears":4,"stat.pickup.minecraft.torch":6,"stat.craftItem.exnihilocreatio.item_ore_aluminium":54,"stat.useItem.thermaldynamics.servo":15,"stat.craftItem.thermalfoundation.upgrade":41,"stat.craftItem.nuclearcraft.sword_boron":4,"stat.mineBlock.exnihilocreatio.block_sieve":16,"stat.craftItem.nuclearcraft.cobblestone_generator":11,"stat.craftItem.minecraft.iron_axe":4,"stat.useItem.minecraft.planks":8,"stat.craftItem.immersiveengineering.metal_device1":23,"stat.craftItem.immersiveengineering.pickaxe_steel":3,"stat.useItem.minecraft.water_bucket":95,"stat.craftItem.thermalfoundation.tool.pickaxe_bronze":1,"stat.pickup.minecraft.sand":1279,"stat.craftItem.minecraft.golden_apple":1,"stat.pickup.nuclearcraft.water_source":3,"stat.pickup.elevatorid.elevator_white":1,"stat.craftItem.minecraft.blaze_powder":160,"stat.pickup.exnihilocreatio.item_seed_birch":25,"stat.pickup.modularmachinery.blockinputbus":12,"stat.pickup.exnihilocreatio.block_barrel0":3,"stat.pickup.exnihilocreatio.block_barrel1":5,"stat.craftItem.refinedstorage.machine_casing":6,"stat.craftItem.nuclearcraft.ingot":521,"stat.pickup.nuclearcraft.manufactory_idle":10,"stat.pickup.minecraft.furnace":14,"stat.useItem.minecraft.redstone":25,"stat.useItem.uppers.upper":4,"stat.pickup.thermalexpansion.cache":34,"stat.pickup.exnihilocreatio.item_ore_iron":12,"stat.pickup.minecraft.skull":2,"stat.craftItem.exnihilocreatio.hammer_iron":4,"stat.useItem.immersiveengineering.seed":49,"stat.pickup.exnihilocreatio.item_seed_carrot":23,"stat.pickup.exnihilocreatio.item_ore_nickel":4,"stat.useItem.minecraft.hopper":49,"stat.craftItem.minecraft.heavy_weighted_pressure_plate":1,"stat.useItem.compactmachines3.machine":8,"stat.playOneMinute":6767171,"stat.craftItem.opencomputers.charger":1,"stat.pickup.minecraft.diamond_block":1,"stat.pickup.compactmachines3.redstonetunneltool":2,"stat.craftItem.thermalexpansion.device":3,"stat.craftItem.immersiveengineering.wooden_device0":4,"stat.useItem.nuclearcraft.fission_block":14,"stat.craftItem.minecraft.iron_nugget":9,"stat.fallOneCm":79585,"stat.craftItem.minecraft.chest":93,"stat.craftItem.nuclearcraft.compound":3,"stat.mineBlock.galacticraftcore.fluid_tank":3,"stat.mineBlock.nuclearcraft.ore":11,"stat.pickup.contenttweaker.modulariumblend":385,"stat.pickup.nuclearcraft.alloy_furnace_idle":2,"stat.useItem.minecraft.stone_pickaxe":79,"stat.craftItem.minecraft.golden_pickaxe":4,"stat.drop.minecraft.stick":8,"stat.pickup.nuclearcraft.upgrade":10,"stat.pickup.minecraft.log":2154,"stat.drop.immersiveengineering.tool":1,"stat.mineBlock.galacticraftcore.basic_block_core":11,"stat.pickup.immersiveengineering.mold":4,"stat.mineBlock.opencomputers.case1":1,"stat.pickup.contenttweaker.smallsmashedmachine":20,"stat.mineBlock.minecraft.iron_block":48,"stat.craftItem.thermaldynamics.duct_0":114,"stat.pickup.immersiveengineering.metal_device1":49,"stat.sneakTime":2258579,"stat.pickup.minecraft.chest":46,"stat.craftItem.nuclearcraft.uranium":36,"stat.craftItem.minecraft.enchanting_table":1,"stat.pickup.immersiveengineering.ore":10,"stat.craftItem.thermalexpansion.strongbox":10,"stat.craftItem.minecraft.iron_trapdoor":16,"stat.swimOneCm":107256,"stat.mineBlock.minecraft.diamond_block":1,"stat.pickup.thermalexpansion.strongbox":19,"stat.useItem.minecraft.dirt":241,"stat.useItem.thermalfoundation.tool.hoe_tin":1,"stat.drop.minecraft.ender_pearl":2,"stat.pickup.minecraft.clay":10,"stat.mineBlock.nuclearcraft.cobblestone_generator":2,"stat.pickup.compactmachines3.wallbreakable":563,"stat.craftItem.jecalculation.item_calculator":2,"stat.pickup.opencomputers.case1":1,"stat.craftItem.minecraft.wooden_slab":12,"stat.pickup.arcadialbonsaitrees.bonsai_acacia_cutting":8,"stat.useItem.minecraft.sign":3,"stat.pickup.minecraft.mutton":6,"stat.pickup.galacticraftcore.basic_block_core":11,"stat.craftItem.minecraft.brick_block":6,"stat.craftItem.minecraft.stone_slab2":0,"stat.useItem.minecraft.stone_slab":3,"stat.pickup.exnihilocreatio.item_material":43,"stat.craftItem.minecraft.stone":253,"stat.pickup.integrateddynamics.menril_log":29,"stat.mineBlock.minecraft.crafting_table":5,"stat.drop.exnihilocreatio.block_dust":134,"stat.craftItem.nuclearcraft.dust":171,"stat.useItem.immersiveengineering.pickaxe_steel":308,"stat.craftItem.galacticraftcore.machine":2,"stat.craftItem.exnihilocreatio.item_ore_copper":1,"stat.pickup.nuclearcraft.ingot":30,"stat.craftItem.minecraft.clay":2,"stat.pickup.integrateddynamics.crystalized_menril_chunk":7,"stat.useItem.thermalfoundation.wrench":118,"stat.pickup.minecraft.gravel":700,"stat.useItem.exnihilocreatio.item_seed_jungle":2,"stat.pickup.exnihilocreatio.item_ore_tin":14,"stat.useItem.immersiveengineering.metal_decoration1":71,"stat.useItem.immersiveengineering.metal_decoration0":51,"stat.pickup.minecraft.brick":3,"stat.useItem.minecraft.piston":2,"stat.pickup.minecraft.spider_eye":2,"stat.pickup.minecraft.iron_ore":6,"stat.craftItem.galacticraftcore.fluid_tank":2,"stat.craftItem.immersiveengineering.metal_decoration1":66,"stat.craftItem.immersiveengineering.metal_decoration2":2,"stat.useItem.nuclearcraft.axe_boron":51,"stat.craftItem.immersiveengineering.metal_decoration0":69,"stat.pickup.exnihilocreatio.item_ore_platinum":4,"stat.pickup.minecraft.leather":16,"stat.mineBlock.minecraft.mycelium":2,"stat.useItem.minecraft.wooden_pickaxe":13,"stat.mineBlock.immersiveengineering.conveyor":15,"stat.pickup.minecraft.reeds":90,"stat.craftItem.morphtool.tool":1,"stat.drop.thermalexpansion.cell":1,"stat.pickup.modularmachinery.blockcontroller":7,"stat.craftItem.minecraft.glass":129,"stat.craftItem.minecraft.cauldron":2,"stat.killEntity.Cow":15,"stat.pickup.minecraft.piston":7,"stat.walkOneCm":2465550,"stat.mineBlock.nuclearcraft.fission_block":8,"stat.pickup.minecraft.clay_ball":21,"stat.mineBlock.immersiveengineering.storage":25,"stat.craftItem.thermaldynamics.servo":6,"stat.craftItem.elevatorid.elevator_white":2,"stat.useItem.immersiveengineering.sheetmetal":10,"stat.drop.questbook.itemquestbook":5,"stat.mineBlock.thermaldynamics.duct_0":211,"stat.useItem.exnihilocreatio.block_diorite_crushed":27,"stat.pickup.exnihilocreatio.block_andesite_crushed":22,"stat.pickup.minecraft.tnt":4,"stat.mineBlock.nuclearcraft.melter_idle":3,"stat.pickup.minecraft.stone":70,"stat.pickup.nuclearcraft.fission_port":1,"stat.pickup.minecraft.gold_ingot":34,"stat.killEntity.Skeleton":6,"stat.mineBlock.nuclearcraft.cooler":1,"stat.mineBlock.modularmachinery.blockoutputbus":4,"stat.craftItem.nuclearcraft.reactor_casing_transparent":4,"stat.craftItem.thermalfoundation.tool.sword_invar":2,"stat.killEntity.Spider":3,"stat.pickup.minecraft.bread":1,"stat.pickup.minecraft.quartz":35,"stat.pickup.minecraft.water_bucket":1,"stat.mineBlock.nuclearcraft.nitrogen_collector":1,"stat.mineBlock.nuclearcraft.decay_generator":4,"stat.mineBlock.minecraft.redstone_ore":5,"stat.pickup.minecraft.lava_bucket":1,"stat.craftItem.minecraft.brick":147,"stat.mineBlock.immersiveengineering.stone_decoration":131,"stat.craftItem.exnihilocreatio.item_mesh":9,"stat.craftItem.thermalfoundation.tool.pickaxe_tin":2,"stat.mineBlock.minecraft.stone":585}